Curiosity,Urgency,Confusion,Anger,Satisfied,Happy,Inspired,Relaxed
Secret,Magical,doubtful,Ordeal,Accurate,blissful,motivated,calm
Confidential,Instantly,uncertain,Outrageousness,instantly,joyous,eager,comfortable
Controversial,Magnificent,indecisive,Provoke,Advantage,delighted,keen,content
Underground,Miracle,perplexed,Repulsive,Always,overjoyed,earnest,quiet
Cover-up,Profitable,embarrassed,Scandal,Bargain,gleeful,inspired,certain
Forbidden,Proven,hesitant,Severe,Certain,thankful,enthusiastic,relaxed
Banned,Quick,disillusioned,Shameful,Certainly,festive,bold,serene
Insider,Remarkable,distrustful,Shocking,Confident,ecstatic,brave,bright
Blacklisted,Results,misgiving,Terrible,Convenient,satisfied,daring,blessed
Censored,Revolutionary,unsure,Tragic,Definitely,cheerful,hopeful,balanced
Concealed,Safe,tense,Unreliable,Delighted,sunny,upbeat,grateful
Confessions,Save,stressed,Unstable,Easy,elated,assured,carefree
Unbelievable,Sensational,uncomfortable,Wicked,Ecstatic,jubilant,clear,fulfilled
Covert,Should,dishonest,Aggravate,Effective,jovial,balanced,genuine
Hidden,Startling,disdainful,Agony,Emphasize,fun-loving,fine,authentic
underground,Superb,manipulative,Appalled,Extremely,lighthearted,okay,forgiving
,Superior,judgmental,Atrocious,Freedom,glorious,grateful,sincere
,Tremendous,argumentative,Corrupting,Guaranteed,innocent,carefree,uplifted
,Truly,authoritative,Damaging,Introducing,child-like,adequate,unburdened
,Trustworthy,condescending,Deplorable,Investment,gratified,fulfilled,confident
,Urge,distracted,Disadvantages,conscientious,euphoric,genuine,self-sufficient
,Worthwhile,disoriented,Disastrous,approving,world,authentic,glowing
,Deadline,off-kilter,Disgusted,honored,playful,forgiving,radiant
,Limited,frenzied,Dreadful,privileged,courageous,sincere,beaming
,Seize,blushing,Eliminate,adaptable,energetic,uplifted,reflective
,Bargain,awkward,Harmful,relaxed,liberated,unburdened,smiling
,Discount,incapable,Harsh,Astonishing,optimistic,confident,grounded
,Explode,paralyzed,Inconsiderate,Astounded,frisky,self-sufficient,unhurried
,Extra,fatigued,enraged,assured,animated,reliable,open-minded
,Fortune,inferior,offensive,fulfilled,spirited,sure,efficient
,Freebie,vulnerable,aggressive,genuine,thrilled,unique,non-controlling
,Jackpot,distressed,frustrated,authentic,wonderful,dynamic,unassuming
,Reduced,pathetic,controlling,self-sufficient,funny,tenacious,trusting
,Skyrocket,distraught,resentful,reliable,intelligent,cooperative,supported
,Immediately,doomed,malicious,sure,exhilarated,productive,fluid
,Imminently,overwhelmed,infuriated,secure,spunky,exuberant,light
,,incompetent,critical,stable,youthful,responsive,spontaneous
,,incapacitated,violent,honest,vigorous,conscientious,aware
,,trapped,vindictive,truthful,tickled,approving,healthy
,,squirming,sadistic,supportive,creative,honored,meditative
,,jittery,spiteful,excellent,constructive,privileged,still
,,woozy,furious,responsible,helpful,adaptable,rested
,,twitching,agitated,solid,resourceful,Empowered,waiting
,,compulsive,antagonistic,trusting,comfortable,Focused,laughing
,,uncaring,repulsed,supported,pleased,Capable,graceful
,,uninterested,quarrelsome,Absolutely,encouraged,,natural
,,unresponsive,venomous,Bargain,surprised,,steady
,,terrified,rebellious,clarity,content,,centered
,,suspicious,exasperated,transparency,serene,,placid
,,anxious,impatient,humility,bright,,Clear
,,alarmed,contrary,,blessed,,
,,panicked,condemning,,Vibrant,,
,,threatened,seething,,Bountiful,,
,,cowardly,scornful,,Glowing,,
,,insecure,sarcastic,,,,
,,Deceived√ä,poisonous,,,,
,,Helplessness,jealous,,,,
,,Disempowered,revengeful,,,,
,,,retaliating,,,,
,,,reprimanding,,,,
,,,powerless,,,,
,,,despicable,,,,
,,,self-hating,,,,
,,,desperate,,,,
,,,alienated,,,,
,,,pessimistic,,,,
,,,dejected,,,,
,,,vilified,,,,
,,,unjustified,,,,
,,,violated,,,,
